Cluster,Tempo
Slow,92.198
Slow,100.07
Slow,101.43
Slow,86.643
Slow,99.273
Slow,86.186
Slow,90.022
Slow,95.957
Slow,41.993
Slow,90.932
Slow,89.667
Slow,102.428
Slow,89.984
Slow,95.596
Slow,86.091
Slow,90.218
Slow,102.538
Slow,84.164
Slow,106.33
Slow,107.961
Slow,101.972
Slow,96.979
Slow,105.206
Slow,63.017
Slow,89.867
Slow,82.343
Slow,91.487
Slow,84.69
Slow,86.938
Slow,106.049
Slow,85.008
Slow,102.408
Slow,45.527
Slow,85.621
Slow,108.061
Slow,100.194
Slow,90.101
Slow,108.367
Slow,97.976
Slow,61.971
Slow,100.023
Slow,104.153
Slow,86.091
Slow,105.994
Slow,88.489
Slow,96.007
Slow,89.495
Slow,102.259
Slow,107.529
Slow,99.408
Slow,79.731
Slow,76.693
Slow,75.031
Slow,97.981
Slow,93.238
Slow,66.765
Slow,90.648
Slow,89.86
Slow,86.689
Slow,101.03
Slow,95.882
Slow,83.326
Slow,90.908
Slow,101.229
Slow,98.859
Slow,97.099
Slow,101.41
Slow,94.057
Slow,100.349
Slow,90.084
Slow,106.698
Slow,89.78
Slow,107.177
Slow,106.398
Slow,101.492
Slow,86.141
Slow,88.835
Slow,105.24
Slow,108.264
Slow,97.76
Slow,91.328
Slow,68.734
Slow,94.658
Slow,102.055
Slow,109.065
Slow,105.181
Slow,61.883
Slow,0
Slow,108.499
Slow,88.935
Slow,91.69
Slow,82.205
Slow,106.219
Slow,98.49
Slow,68.283
Slow,0
Slow,85.157
Slow,86.162
Slow,93.106
Slow,49.262
Slow,80.149
Slow,82.422
Slow,107.197
Slow,64.401
Slow,90.008
Slow,95.981
Slow,75.955
Slow,105.196
Slow,106.689
Slow,93.779
Slow,89.865
Slow,98.718
Slow,74.072
Slow,104.394
Slow,98.11
Slow,81.319
Slow,89.345
Slow,86.666
Slow,97.538
Slow,95.225
Slow,100.415
Slow,105.003
Slow,88.973
Slow,90.199
Slow,100.032
Slow,94.031
Slow,76.013
Slow,100.621
Slow,101.01
Slow,91.483
Slow,99.109
Slow,76.296
Slow,92.672
Slow,98.983
Slow,97.151
Slow,91.459
Slow,85.282
Slow,85.691
Slow,92.606
Slow,97.619
Slow,92.044
Slow,108.912
Slow,104.307
Slow,87.634
Slow,100.76
Slow,95.633
Slow,38.233
Slow,98.151
Slow,91.198
Slow,75.467
Slow,103.29
Slow,65.054
Slow,90.008
Slow,95.816
Slow,100.612
Slow,80.41
Slow,97.03
Slow,88.137
Slow,107.185
Slow,101.485
Slow,90.636
Slow,61.487
Slow,105.268
Slow,95.655
Slow,75.127
Slow,106.769
Slow,84.224
Slow,74.046
Slow,100.15
Slow,85.771
Slow,91.538
Slow,106.438
Slow,93.015
Slow,101.662
Slow,70.649
Slow,85.878
Slow,81.586
Slow,105.927
Slow,88.001
Slow,27.163
Slow,86.997
Slow,86.62
Slow,100.051
Slow,87.976
Slow,95.503
Slow,96.007
Slow,99.487
Slow,103.936
Slow,107.536
Slow,91.191
Slow,100.011
Slow,85.311
Slow,79.734
Slow,87.453
Slow,93.425
Slow,66.988
Slow,80.315
Slow,94.554
Slow,101.621
Slow,90.027
Slow,67.745
Slow,101.08
Slow,92.98
Slow,80.484
Slow,100.032
Slow,107.845
Slow,90.18
Slow,100.342
Slow,104.984
Slow,97.02
Slow,86.571
Slow,102.731
Slow,105.535
Slow,88.02
Slow,88.973
Slow,89.966
Slow,97.362
Slow,63.007
Slow,104.823
Slow,91.704
Slow,97.148
Slow,95.973
Slow,79.823
Slow,86.665
Slow,70.331
Slow,86.199
Slow,102.756
Slow,64.006
Slow,105.671
Slow,94.888
Slow,94.105
Slow,95.111
Slow,100.893
Slow,108.914
Slow,89.927
Slow,90.177
Slow,95.179
Slow,74.82
Slow,100.145
Slow,105.29
Slow,84.064
Slow,108.917
Slow,86.82
Slow,99.076
Slow,106.742
Slow,90.013
Slow,101.167
Slow,93.056
Slow,90.66
Slow,90.61
Slow,91.981
Slow,60.11
Slow,67.405
Slow,106.769
Slow,76.499
Slow,35.931
Slow,80.738
Slow,85.316
Slow,88.761
Slow,89.201
Slow,73.136
Slow,72.001
Slow,88.043
Slow,85.029
Slow,106.438
Slow,92.68
Slow,83.065
Slow,94.777
Slow,96.212
Slow,95.243
Slow,64.811
Slow,102.95
Slow,95.655
Slow,81.111
Slow,78.453
Slow,81.38
Slow,100.295
Slow,81.901
Slow,77.5
Slow,101.455
Slow,89.995
Slow,74.809
Slow,100.081
Slow,107.087
Slow,90.282
Slow,102.165
Slow,79.226
Slow,109.051
Slow,101.742
Slow,101.988
Slow,106.941
Slow,105.202
Slow,98.117
Slow,100.604
Slow,35.898
Slow,100.173
Slow,105.813
Slow,97.959
Slow,76.986
Slow,107.877
Slow,92.29
Slow,77.929
Slow,102.328
Slow,79.09
Slow,77.306
Slow,100.048
Slow,90.666
Slow,79.53
Slow,84.103
Slow,74.166
Slow,81.809
Slow,95.997
Slow,98.645
Slow,67.904
Slow,106.237
Slow,90.009
Slow,0
Slow,89.67
Slow,84.05
Slow,91.101
Slow,95.036
Slow,99.238
Slow,103.009
Slow,96.024
Slow,96.287
Slow,86.536
Slow,108.831
Slow,100.006
Slow,80.979
Slow,92.012
Slow,72.937
Slow,86.902
Slow,106.724
Slow,85.112
Slow,103.77
Slow,93.235
Slow,89.998
Slow,69.538
Slow,81.986
Slow,98.623
Slow,85.453
Slow,109.018
Slow,82.571
Slow,41.21
Slow,78.382
Slow,74.666
Slow,92.785
Slow,94.304
Slow,95.026
Slow,73.545
Slow,88.018
Slow,96.709
Slow,67.046
Slow,108.018
Slow,92.881
Slow,85.973
Slow,42.654
Slow,95.991
Slow,79.677
Slow,104.469
Slow,86.01
Slow,39.451
Slow,108.751
Slow,99.968
Slow,100.868
Slow,64.141
Slow,95.386
Slow,100.694
Slow,93.978
Slow,86.561
Slow,90.306
Slow,98.018
Slow,89.019
Slow,104.856
Slow,77.977
Slow,103.077
Slow,65.852
Slow,85.7
Slow,95.11
Slow,93.174
Slow,88.4
Slow,90.915
Slow,38.644
Slow,89.168
Slow,88.127
Slow,97.342
Slow,91.008
Slow,93.961
Slow,97.916
Slow,80.023
Slow,77.754
Slow,79.35
Slow,77.692
Slow,106.504
Slow,62.894
Slow,95.021
Slow,103.807
Slow,99.995
Slow,76.166
Slow,49.171
Slow,68.936
Slow,107.011
Slow,88.343
Slow,85.366
Slow,100.081
Slow,94.958
Slow,98.436
Slow,88.329
Slow,74.665
Slow,59.478
Slow,109.154
Slow,103.433
Slow,106.117
Slow,83.053
Slow,95.301
Slow,105.826
Slow,104.799
Slow,102.399
Slow,105.288
Slow,102.533
Slow,93.988
Slow,83.905
Slow,88.947
Slow,103.206
Slow,96.027
Slow,95.464
Slow,78.134
Slow,92.924
Slow,73.183
Slow,62.018
Slow,92.326
Slow,105.129
Slow,109.135
Slow,97.643
Slow,93.532
Slow,88.355
Slow,87.716
Slow,87.99
Slow,104.521
Slow,98.824
Slow,94.977
Slow,91.89
Slow,106.269
Slow,100.331
Slow,101.166
Slow,66.907
Slow,99.565
Slow,106.413
Slow,88.908
Slow,107.433
Slow,69.792
Slow,91.453
Slow,100
Slow,87.136
Slow,96.874
Slow,99.955
Slow,84.998
Slow,42.106
Slow,94.905
Slow,101.059
Slow,105.025
Slow,107.412
Slow,84.496
Slow,74.601
Slow,80.167
Slow,94.276
Slow,103.432
Slow,90.148
Slow,103.637
Slow,82.909
Slow,88.109
Slow,82.604
Slow,86.056
Slow,56.306
Slow,108.662
Slow,85.399
Slow,99.435
Slow,105.218
Slow,88.967
Slow,91.695
Slow,99.566
Slow,106.919
Slow,85.331
Slow,85.765
Slow,106.659
Slow,79.428
Slow,104.783
Slow,109.051
Slow,86.589
Slow,87.897
Slow,100.296
Slow,103.088
Slow,79.912
Slow,75.706
Slow,91.859
Slow,80.999
Slow,100.026
Slow,100.018
Slow,106.896
Slow,84.64
Slow,109.158
Slow,72.656
Slow,105.852
Slow,0
Slow,95.655
Slow,101.577
Slow,98.063
Slow,61.018
Slow,93.021
Slow,101.923
Slow,88.064
Slow,103.929
Slow,98.763
Slow,41.985
Slow,92.215
Slow,95.781
Slow,89.394
Slow,78.213
Slow,93.957
Slow,76.096
Slow,99.587
Slow,101.713
Slow,84.273
Slow,94.069
Slow,85.746
Slow,94.082
Slow,100.009
Slow,83.15
Slow,95.889
Slow,88.897
Slow,106.542
Slow,97.845
Slow,73.979
Slow,84.969
Slow,88.745
Slow,93.312
Slow,105.006
Slow,90.882
Slow,101.913
Slow,75.22
Slow,89.219
Slow,108.009
Slow,106.854
Slow,87.995
Slow,100.042
Slow,79.709
Slow,107.455
Slow,103.634
Slow,103.731
Slow,86.007
Slow,98.001
Slow,78.139
Slow,84.437
Slow,105.459
Slow,106.127
Slow,90.071
Slow,95.869
Slow,107.042
Slow,93.848
Slow,100.01
Slow,106.07
Slow,103.647
Slow,87.005
Slow,64.734
Slow,51.265
Slow,103.427
Slow,59.253
Slow,97.302
Slow,98.623
Slow,104.02
Slow,103.189
Slow,94.672
Slow,101.544
Slow,103.053
Slow,82.634
Slow,21.438
Slow,91.97
Slow,79.05
Slow,89.696
Slow,105.982
Slow,93.32
Slow,89.848
Slow,106.002
Slow,66.595
Slow,92.277
Slow,98
Slow,84.956
Slow,91.488
Slow,85.006
Slow,78.666
Slow,85.94
Slow,101.663
Slow,79.042
Slow,84.72
Slow,71.533
Slow,101.624
Slow,80.864
Slow,93.33
Slow,102.009
Slow,93.265
Slow,93.119
Slow,90.033
Slow,0
Slow,60.509
Slow,98.509
Slow,94.994
Slow,102.605
Slow,80.996
Slow,75.889
Slow,101.272
Slow,82.733
Slow,104.805
Slow,84.461
Slow,109.072
Slow,99.059
Slow,93.924
Slow,63.334
Slow,94.993
Slow,106.435
Slow,108.417
Slow,90.055
Slow,77.352
Slow,81.828
Slow,87.953
Slow,84.001
Slow,86.463
Slow,92.998
Slow,85.551
Slow,74.384
Slow,84.895
Slow,81.767
Slow,0
Slow,108.445
Slow,91.011
Slow,89.925
Slow,103.621
Slow,108.128
Slow,100.095
Slow,89.001
Slow,84.894
Slow,74.392
Slow,82.282
Slow,99.901
Slow,94.005
Slow,92.012
Slow,79.685
Slow,85.326
Slow,86.006
Slow,96.22
Slow,93.594
Slow,87.899
Slow,98.823
Slow,96.989
Slow,60.757
Slow,92.742
Slow,98.681
Slow,95.684
Slow,86.971
Slow,59.983
Slow,98.085
Slow,95.986
Slow,94.18
Slow,103.244
Slow,109.057
Slow,66.931
Slow,69.704
Slow,91.76
Slow,94.009
Slow,78.588
Slow,86.296
Slow,64.033
Slow,106.58
Slow,93.443
Slow,95.611
Slow,104.587
Slow,85.322
Slow,93.331
Slow,97.004
Slow,107.657
Slow,105.324
Slow,85.012
Slow,100.171
Slow,96.311
Slow,71.608
Slow,101.529
Slow,86.201
Slow,101.485
Slow,100.855
Slow,81.224
Slow,96.716
Slow,91.979
Slow,96.848
Slow,95.315
Slow,66.963
Slow,91.498
Slow,95.981
Slow,72.073
Slow,84.826
Slow,90.158
Slow,100.783
Slow,86.819
Slow,69.768
Slow,71.312
Slow,85.207
Slow,91.215
Slow,70.317
Slow,87.63
Slow,80.7
Slow,80.79
Slow,93.283
Slow,93.417
Slow,82.789
Slow,86.113
Slow,91.589
Slow,100.046
Slow,100.398
Slow,97.103
Slow,109.085
Slow,81.492
Slow,85.131
Slow,85.56
Slow,0
Slow,65.195
Slow,105.994
Slow,87.013
Slow,98.082
Slow,70.163
Slow,90.507
Slow,73.894
Slow,94.849
Slow,103.713
Slow,65.264
Slow,100.705
Slow,90.964
Slow,101.997
Slow,95.948
Slow,89.042
Slow,94.072
Slow,101.636
Slow,93.061
Slow,92.555
Slow,78.16
Slow,109.265
Slow,86.142
Slow,75.669
Slow,108.047
Slow,85.005
Slow,104.988
Slow,91.548
Slow,84.853
Slow,104.667
Slow,75.416
Slow,84.655
Slow,77.99
Slow,93.458
Slow,85.541
Slow,106.009
Slow,36.151
Slow,103.172
Slow,72.724
Slow,100.032
Slow,90.81
Slow,84.59
Slow,62.076
Slow,87.747
Slow,87.76
Slow,107.32
Slow,86.39
Slow,107.531
Slow,77.207
Slow,81.947
Slow,87.758
Slow,99.492
Slow,73.507
Slow,76.385
Slow,100.394
Slow,95.619
Slow,97.342
Slow,89.091
Slow,102.16
Slow,84.009
Slow,84.562
Slow,81.256
Slow,76.415
Slow,106.216
Slow,84.283
Slow,100.928
Slow,79.905
Slow,86.961
Slow,103.218
Slow,90.875
Slow,66.565
Slow,101.004
Slow,104.237
Slow,91.584
Slow,96.006
Slow,90.983
Slow,60.017
Slow,71.597
Slow,93.041
Slow,78.601
Slow,108.251
Slow,80.455
Slow,108.069
Slow,80.016
Slow,102.402
Slow,95.298
Slow,48.942
Slow,87.899
Slow,83.95
Slow,50.059
Slow,88.015
Slow,92.927
Slow,83.255
Slow,97.284
Slow,68.388
Slow,87.097
Slow,109.293
Slow,84.069
Slow,88.648
Slow,91.249
Slow,107.886
Slow,107.053
Slow,0
Slow,88.012
Slow,107.905
Slow,84.631
Slow,90.987
Slow,86.675
Slow,107.199
Slow,103.225
Slow,85.652
Slow,59.17
Slow,109.305
Slow,51.714
Slow,105.085
Slow,103.694
Slow,97.882
Slow,83.99
Slow,103.584
Slow,84.032
Slow,100.005
Slow,62.78
Slow,96.686
Slow,40.27
Slow,99.987
Slow,89.978
Slow,91.007
Slow,101.335
Slow,104.709
Slow,72.071
Slow,83.883
Slow,105.157
Slow,104.79
Slow,76.125
Slow,66.691
Slow,86.475
Slow,53.672
Slow,86.197
Slow,105.509
Slow,92.439
Slow,74.551
Slow,90.098
Slow,100.312
Slow,90.267
Slow,85.714
Slow,87.618
Slow,97.289
Slow,96.043
Slow,103.548
Slow,106.41
Slow,79.098
Slow,106.658
Slow,88.578
Slow,91.289
Slow,65.573
Slow,92.236
Slow,88.915
Slow,93.001
Slow,99.095
Slow,77.788
Slow,87.102
Slow,79.952
Slow,82.581
Slow,108.584
Slow,84.81
Slow,100.013
Slow,85.731
Slow,61.409
Slow,88.746
Slow,107.892
Slow,105.004
Slow,103.129
Slow,94.819
Slow,95.051
Slow,45.43
Slow,89.335
Slow,64.259
Slow,88.942
Slow,107.944
Slow,107.303
Slow,103.046
Slow,61.82
Slow,98.784
Slow,107.081
Slow,97.143
Slow,88.57
Slow,77.885
Slow,107.93
Slow,89.311
Slow,67.176
Slow,92.643
Slow,86.844
Slow,93.156
Slow,77.635
Slow,98.998
Slow,93.03
Slow,95.098
Slow,87.485
Slow,42.782
Slow,84.871
Slow,95.227
Slow,94.1
Slow,83.116
Slow,90.199
Slow,101.121
Slow,84.672
Slow,36.773
Slow,78.245
Slow,102.829
Slow,72.91
Slow,86.96
Slow,97.022
Slow,91.084
Slow,81.647
Slow,88.314
Slow,84.973
Slow,90.139
Slow,98.087
Slow,84.676
Slow,100.72
Slow,86.949
Slow,64.79
Slow,100.353
Slow,104.618
Slow,86.55
Slow,92.969
Slow,100.893
Slow,104.939
Slow,96.052
Slow,91.997
Slow,97.754
Slow,61.994
Slow,107.779
Slow,100.013
Slow,107.922
Slow,77.235
Slow,104.231
Slow,97.667
Slow,87.406
Slow,71.228
Slow,85.56
Slow,85.82
Slow,103.054
Slow,107.083
Slow,63.134
Slow,82.69
Slow,108.252
Slow,91.739
Slow,89.026
Slow,86.624
Slow,77.581
Slow,78.971
Slow,79.916
Slow,89.941
Slow,97.672
Slow,99.894
Slow,104.928
Slow,76.57
Slow,77.364
Slow,85.118
Slow,103.997
Slow,107.711
Slow,89.98
Slow,107.592
Slow,108.105
Slow,94.804
Slow,106.756
Slow,83.73
Slow,46.867
Slow,106.575
Slow,79.252
Slow,79.003
Slow,81.895
Slow,102.04
Slow,106.083
Slow,96.054
Slow,98.015
Slow,85.994
Slow,89.992
Slow,104.01
Slow,99.959
Slow,104.284
Slow,105.05
Slow,95.576
Slow,89.726
Slow,79.151
Slow,101.905
Slow,101.897
Slow,86.693
Slow,99.612
Slow,96.082
Slow,106.01
Slow,80.375
Slow,100.317
Slow,45.709
Slow,85.976
Slow,75.06
Slow,90.336
Slow,107.927
Slow,72.884
Slow,30.048
Slow,78.841
Slow,45.508
Slow,67.606
Slow,101.195
Slow,86.684
Slow,88.072
Slow,64.901
Slow,88.662
Slow,60.013
Slow,68.326
Slow,91.318
Slow,102.77
Slow,96.972
Slow,82.752
Slow,85.2
Slow,107.932
Slow,105.732
Slow,102.008
Slow,84.769
Slow,104.448
Slow,0
Slow,87.557
Slow,105.95
Slow,90.099
Slow,92.571
Slow,90.073
Slow,100.088
Slow,91.922
Slow,80.391
Slow,98.501
Slow,93.376
Slow,103.666
Slow,89.676
Slow,63.359
Slow,71.308
Slow,102.828
Slow,81.404
Slow,91.256
Slow,84.303
Slow,86.992
Slow,102.881
Slow,94.495
Slow,100.016
Slow,84.186
Slow,84.133
Slow,100.275
Slow,102.739
Slow,108.188
Slow,90.038
Slow,105.207
Slow,104.99
Slow,85.261
Slow,85.375
Slow,93.99
Slow,99.374
Slow,101.303
Slow,104.12
Slow,97.015
Slow,105.498
Slow,88.023
Slow,89.675
Slow,98.974
Slow,89.868
Slow,108.977
Slow,95.56
Slow,85.508
Slow,86.813
Slow,98.528
Slow,42.525
Slow,99.487
Slow,41.133
Slow,93.937
Slow,88.95
Slow,97.487
Slow,74.884
Slow,107.728
Slow,71.416
Slow,100.034
Slow,74.728
Slow,96.695
Slow,100.929
Slow,107.905
Slow,90.101
Slow,92.55
Slow,99.124
Slow,101.324
Slow,87.992
Slow,104.993
Slow,103.652
Slow,96.057
Slow,93.773
Slow,91.463
Slow,103.12
Slow,85.988
Slow,77.645
Slow,69.169
Slow,43.967
Slow,87.122
Slow,83.957
Slow,59.678
Slow,86.321
Slow,100.03
Slow,80.473
Slow,80.003
Slow,92.017
Slow,97.98
Slow,99.556
Slow,90.245
Slow,70.49
Slow,56.958
Slow,96.243
Slow,77.478
Slow,70.09
Slow,69.742
Slow,90.126
Slow,91.417
Slow,97.999
Slow,93.366
Slow,99.113
Slow,99.463
Slow,83.856
Slow,105.044
Slow,95.995
Slow,90.017
Slow,73.438
Slow,104.819
Slow,60.159
Slow,105.966
Slow,87.697
Slow,91.562
Slow,98.679
Slow,101.962
Slow,101.469
Slow,89.954
Slow,95.138
Slow,95.738
Slow,108.11
Slow,95.736
Slow,97.802
Slow,94.961
Slow,96.024
Slow,91.02
Slow,77.115
Medium,121.274
Medium,119.293
Medium,129.738
Medium,147.782
Medium,111.787
Medium,114.041
Medium,146.765
Medium,117.975
Medium,130.04
Medium,137.334
Medium,125.197
Medium,119.826
Medium,127.756
Medium,150.062
Medium,138.331
Medium,110.382
Medium,111.874
Medium,137.522
Medium,125.006
Medium,127.025
Medium,110.189
Medium,138.007
Medium,130.1
Medium,130.586
Medium,128.292
Medium,115.061
Medium,115.887
Medium,139.333
Medium,117.271
Medium,116.721
Medium,123.142
Medium,141.919
Medium,133.144
Medium,124.175
Medium,137.004
Medium,116.823
Medium,127.97
Medium,152.622
Medium,110.787
Medium,112.903
Medium,115.642
Medium,125.013
Medium,113.277
Medium,140.995
Medium,144.603
Medium,129.122
Medium,132.022
Medium,119.896
Medium,137.29
Medium,115.606
Medium,126.523
Medium,113.677
Medium,141.936
Medium,126.88
Medium,133.699
Medium,118.975
Medium,112.006
Medium,132.428
Medium,140.956
Medium,130.016
Medium,151.911
Medium,119.691
Medium,109.823
Medium,116.473
Medium,126.821
Medium,111.191
Medium,125.508
Medium,137.888
Medium,150.012
Medium,110.745
Medium,130.027
Medium,110.168
Medium,119.979
Medium,133.306
Medium,152.267
Medium,114.971
Medium,144.651
Medium,152.005
Medium,124.04
Medium,152.127
Medium,150.666
Medium,127.278
Medium,149.94
Medium,135.78
Medium,122.967
Medium,142.024
Medium,135.535
Medium,139.189
Medium,128.598
Medium,114.027
Medium,111.316
Medium,118.433
Medium,148.357
Medium,136.164
Medium,126.941
Medium,133.729
Medium,139.136
Medium,126.95
Medium,144.812
Medium,138.003
Medium,130.284
Medium,152.013
Medium,150.837
Medium,143.231
Medium,123.993
Medium,137.288
Medium,111.079
Medium,133.009
Medium,146.577
Medium,140.458
Medium,132.506
Medium,124.086
Medium,145.518
Medium,139.998
Medium,140.334
Medium,117.168
Medium,132.967
Medium,139.91
Medium,135.175
Medium,121.983
Medium,137.862
Medium,117.667
Medium,151.953
Medium,128.219
Medium,125.975
Medium,124.237
Medium,140.63
Medium,124.009
Medium,152.258
Medium,134.083
Medium,120.097
Medium,128.173
Medium,109.636
Medium,119.524
Medium,130.062
Medium,119.67
Medium,143.97
Medium,144.836
Medium,121.563
Medium,128.459
Medium,109.671
Medium,141.024
Medium,125.558
Medium,147.637
Medium,137.673
Medium,134.014
Medium,124.177
Medium,130.861
Medium,122.174
Medium,112.787
Medium,133.339
Medium,130.006
Medium,118.595
Medium,143.601
Medium,129.122
Medium,139.993
Medium,124.75
Medium,110.218
Medium,134.566
Medium,113.995
Medium,111.032
Medium,124.184
Medium,133.553
Medium,133.405
Medium,116.819
Medium,127.887
Medium,124.872
Medium,136.948
Medium,116.984
Medium,139.07
Medium,123.695
Medium,116.11
Medium,140.872
Medium,144.003
Medium,120.001
Medium,146.061
Medium,126.806
Medium,131.683
Medium,126.342
Medium,112.097
Medium,125.147
Medium,128.689
Medium,140.026
Medium,147.576
Medium,122.006
Medium,111.663
Medium,127.298
Medium,115.258
Medium,150.086
Medium,117.984
Medium,131.079
Medium,132.973
Medium,133.383
Medium,142.68
Medium,152.434
Medium,121.232
Medium,120.876
Medium,123.657
Medium,144.954
Medium,147.661
Medium,140.259
Medium,133.398
Medium,114.73
Medium,111.936
Medium,121.553
Medium,150.066
Medium,113.058
Medium,134.051
Medium,125.003
Medium,132.858
Medium,124.194
Medium,109.702
Medium,122.113
Medium,117.671
Medium,115.066
Medium,125.916
Medium,138.048
Medium,125.086
Medium,135.072
Medium,150.013
Medium,126.533
Medium,141.116
Medium,152.194
Medium,115.033
Medium,150.867
Medium,144.073
Medium,128.022
Medium,126.938
Medium,127
Medium,124.788
Medium,143.291
Medium,137.534
Medium,140.033
Medium,142.116
Medium,124.604
Medium,117.329
Medium,127.745
Medium,132.892
Medium,120.712
Medium,144.71
Medium,150.056
Medium,151.5
Medium,111.903
Medium,135.955
Medium,141.334
Medium,130.032
Medium,117.454
Medium,121.773
Medium,140.984
Medium,143.679
Medium,126.14
Medium,137.941
Medium,146.894
Medium,147.679
Medium,145.917
Medium,131.968
Medium,135.914
Medium,120.703
Medium,117.295
Medium,113.082
Medium,125.995
Medium,145.949
Medium,152.461
Medium,140.13
Medium,113.326
Medium,121.981
Medium,129.318
Medium,112.071
Medium,126.105
Medium,129.984
Medium,127.782
Medium,150.955
Medium,121.201
Medium,127.547
Medium,130.316
Medium,127.113
Medium,116.005
Medium,124.025
Medium,146.445
Medium,136.915
Medium,135.407
Medium,130.756
Medium,120.977
Medium,150.848
Medium,118.052
Medium,138.25
Medium,135.087
Medium,116.621
Medium,123.635
Medium,126.4
Medium,140.173
Medium,135.982
Medium,138.508
Medium,114.011
Medium,137.951
Medium,121.815
Medium,117.985
Medium,133.925
Medium,136.95
Medium,144.803
Medium,122.403
Medium,118.713
Medium,141.836
Medium,118.041
Medium,123.007
Medium,119.428
Medium,152.214
Medium,140.316
Medium,151.882
Medium,110.994
Medium,127.992
Medium,127.923
Medium,145.689
Medium,128.135
Medium,133.391
Medium,111.465
Medium,118.043
Medium,131.938
Medium,120.411
Medium,116.949
Medium,114.061
Medium,128.598
Medium,137.219
Medium,138.028
Medium,150.11
Medium,110.323
Medium,131.578
Medium,118.835
Medium,130.716
Medium,120.172
Medium,120.052
Medium,129.354
Medium,117.966
Medium,133.811
Medium,128.702
Medium,113.156
Medium,123.965
Medium,111.492
Medium,119.987
Medium,119.194
Medium,112.081
Medium,120.119
Medium,110.666
Medium,110.551
Medium,122.298
Medium,141.51
Medium,149.054
Medium,140.659
Medium,117.116
Medium,141.45
Medium,136.459
Medium,119.903
Medium,117.076
Medium,128.714
Medium,148.505
Medium,120.006
Medium,130.64
Medium,145.228
Medium,130.691
Medium,142.01
Medium,123.049
Medium,120.231
Medium,116.423
Medium,117.381
Medium,115.606
Medium,117.892
Medium,125.02
Medium,135.048
Medium,141.022
Medium,123.891
Medium,111.901
Medium,111.004
Medium,140.994
Medium,139.685
Medium,129.488
Medium,125.783
Medium,124.534
Medium,121.001
Medium,149.948
Medium,149.317
Medium,145.222
Medium,153.055
Medium,115.938
Medium,122.799
Medium,111.727
Medium,120.492
Medium,114.915
Medium,128.217
Medium,125.992
Medium,150.032
Medium,127.267
Medium,120.117
Medium,146.484
Medium,146.654
Medium,146.708
Medium,133.318
Medium,139.402
Medium,124.748
Medium,128.092
Medium,143.951
Medium,136.463
Medium,121.238
Medium,150.024
Medium,129.888
Medium,133.912
Medium,123.765
Medium,151.049
Medium,122.243
Medium,111.504
Medium,126.464
Medium,129.626
Medium,121.91
Medium,131.078
Medium,149.259
Medium,152.041
Medium,143.986
Medium,127.803
Medium,130.126
Medium,119.644
Medium,150.163
Medium,132.109
Medium,139.23
Medium,125.618
Medium,131.991
Medium,122.041
Medium,122.421
Medium,140.264
Medium,128.298
Medium,116.282
Medium,142.911
Medium,136.932
Medium,115.139
Medium,124.078
Medium,140.048
Medium,151.493
Medium,145.055
Medium,150.155
Medium,150.83
Medium,140.951
Medium,121.596
Medium,133.953
Medium,121.284
Medium,151.805
Medium,133.607
Medium,122.623
Medium,127.707
Medium,146.02
Medium,119.963
Medium,121.805
Medium,117.298
Medium,110.178
Medium,124.22
Medium,146.683
Medium,116.432
Medium,128.022
Medium,111.95
Medium,151.936
Medium,122.022
Medium,128.976
Medium,118.268
Medium,141.652
Medium,126.984
Medium,130.091
Medium,137.342
Medium,116.517
Medium,132.115
Medium,134.21
Medium,140.013
Medium,129.393
Medium,118.372
Medium,117.311
Medium,111.542
Medium,125.088
Medium,150.116
Medium,119.066
Medium,137.846
Medium,137.935
Medium,131.784
Medium,127.923
Medium,124.346
Medium,131.729
Medium,115.371
Medium,150.784
Medium,138.364
Medium,123.997
Medium,124.014
Medium,110.04
Medium,150.302
Medium,138.732
Medium,129.714
Medium,145.478
Medium,110.013
Medium,125.057
Medium,123.81
Medium,136.248
Medium,116.043
Medium,120.064
Medium,124.481
Medium,134.046
Medium,129.591
Medium,128.134
Medium,126.191
Medium,123.633
Medium,144.562
Medium,112.752
Medium,129.781
Medium,122.484
Medium,146.569
Medium,134.075
Medium,116.716
Medium,137.068
Medium,119.683
Medium,122.965
Medium,122.91
Medium,126.682
Medium,128.077
Medium,152.729
Medium,133.005
Medium,132.045
Medium,110.5
Medium,124.186
Medium,120.103
Medium,120.25
Medium,121.968
Medium,146.913
Medium,117.973
Medium,119.711
Medium,110.1
Medium,130.459
Medium,147.886
Medium,112.781
Medium,130.016
Medium,125.47
Medium,150.063
Medium,135.87
Medium,128.972
Medium,124.988
Medium,129.245
Medium,122.004
Medium,119.649
Medium,110.595
Medium,130.017
Medium,150.096
Medium,117.316
Medium,111.834
Medium,133.324
Medium,112.067
Medium,117.625
Medium,109.731
Medium,114.168
Medium,115.449
Medium,134.857
Medium,129.277
Medium,147.928
Medium,127.876
Medium,129.047
Medium,127.974
Medium,135.238
Medium,121.354
Medium,121.071
Medium,127.984
Medium,110.167
Medium,113.569
Medium,124.976
Medium,122.22
Medium,147.508
Medium,134.491
Medium,115.737
Medium,144.067
Medium,132.337
Medium,124.534
Medium,144.162
Medium,148.653
Medium,124.022
Medium,136.726
Medium,115.781
Medium,148.712
Medium,135.989
Medium,111.903
Medium,127.582
Medium,109.982
Medium,148.642
Medium,115.862
Medium,120.008
Medium,122.019
Medium,149.591
Medium,120.042
Medium,116.539
Medium,130.826
Medium,125.95
Medium,132.002
Medium,122.026
Medium,111.267
Medium,110.691
Medium,122.495
Medium,133.981
Medium,123.943
Medium,128.664
Medium,113.063
Medium,115.949
Medium,117.993
Medium,137.149
Medium,145.16
Medium,130.013
Medium,125.1
Medium,146.454
Medium,110.768
Medium,135.958
Medium,132.595
Medium,126.555
Medium,142.946
Medium,122
Medium,110.167
Medium,150.012
Medium,127.882
Medium,152.02
Medium,120.954
Medium,116.829
Medium,145.18
Medium,110.674
Medium,140.056
Medium,112.277
Medium,120.521
Medium,118.796
Medium,136.821
Medium,130.136
Medium,120.183
Medium,128.399
Medium,150.077
Medium,123.094
Medium,116.49
Medium,130.12
Medium,133.155
Medium,140.027
Medium,114.045
Medium,140.044
Medium,139.972
Medium,131.121
Medium,125.958
Medium,115.919
Medium,140.019
Medium,130.513
Medium,120.583
Medium,111.006
Medium,113.966
Medium,110.603
Medium,130.815
Medium,150.782
Medium,132.188
Medium,126.007
Medium,123.709
Medium,120.663
Medium,141.681
Medium,151.869
Medium,117.368
Medium,130.098
Medium,130.823
Medium,116.992
Medium,117.985
Medium,123.994
Medium,141.749
Medium,127.981
Medium,136.271
Medium,121.945
Medium,120.731
Medium,120.038
Medium,110.598
Medium,144.232
Medium,109.847
Medium,121.375
Medium,127.15
Medium,137.537
Medium,111.428
Medium,130.325
Medium,127.891
Medium,120.138
Medium,120.066
Medium,142.895
Medium,149.567
Medium,120.859
Medium,138.378
Medium,148.012
Medium,126.46
Medium,138.83
Medium,147.347
Medium,118.66
Medium,116.837
Medium,115.937
Medium,124.487
Medium,130.019
Medium,140.025
Medium,133.986
Medium,119.996
Medium,119.713
Medium,135.951
Medium,139.977
Medium,147.83
Medium,133.903
Medium,142.398
Medium,126.986
Medium,128.601
Medium,147.055
Medium,134.5
Medium,115.449
Medium,153.211
Medium,138.213
Medium,153.086
Medium,152.457
Medium,141.379
Medium,139.963
Medium,111.868
Medium,117.772
Medium,114.028
Medium,124.988
Medium,152.363
Medium,137.971
Medium,125.009
Medium,126.773
Medium,145.323
Medium,135.599
Medium,153.3
Medium,137.192
Medium,117.996
Medium,138.308
Medium,150.209
Medium,134.552
Medium,146.143
Medium,124.973
Medium,149.913
Medium,146.013
Medium,150.799
Medium,137.387
Medium,127.874
Medium,131.045
Medium,133.392
Medium,127.191
Medium,118.355
Medium,146.852
Medium,131.981
Medium,131.279
Medium,120.039
Medium,117.269
Medium,129.493
Medium,110.19
Medium,127.844
Medium,118.577
Medium,117.947
Medium,111.315
Medium,112.88
Medium,115.007
Medium,140.462
Medium,118.101
Medium,131.968
Medium,119.331
Medium,141.231
Medium,148.458
Medium,114.382
Medium,121.988
Medium,127.962
Medium,115.633
Medium,149.916
Medium,139.778
Medium,114.272
Medium,110.255
Medium,152
Medium,119.976
Medium,110.058
Medium,134.837
Medium,120.938
Medium,121.896
Medium,118.017
Medium,125.022
Medium,145.271
Medium,130.786
Medium,128.928
Medium,133.428
Medium,113.373
Medium,127.92
Medium,125.012
Medium,129.088
Medium,118.295
Medium,135.099
Medium,142.351
Medium,140.989
Medium,137.567
Medium,112.998
Medium,122.842
Medium,150.75
Medium,130.272
Medium,131.624
Medium,147.853
Medium,131.857
Medium,126.983
Medium,144.649
Medium,117.181
Medium,112.915
Medium,119.017
Medium,120.546
Medium,139.72
Medium,122.709
Medium,127.659
Medium,151.744
Medium,131.966
Medium,110.897
Medium,123.26
Medium,119.827
Medium,146.677
Medium,120.548
Medium,113.09
Medium,136.767
Medium,129.88
Medium,121.764
Medium,117.464
Medium,140.878
Medium,140.111
Medium,140.013
Medium,136.749
Medium,114.902
Medium,116.087
Medium,115.798
Medium,149.293
Medium,147.781
Medium,119.663
Medium,111.824
Medium,110.071
Medium,142.432
Medium,132.598
Medium,117.214
Medium,115.954
Medium,114.375
Medium,118.203
Medium,133.64
Medium,137.908
Medium,142.158
Medium,113.571
Medium,111.577
Medium,139.841
Medium,110.441
Medium,134.027
Medium,150.715
Medium,149.551
Medium,120.153
Medium,122.376
Medium,116.04
Medium,116.36
Medium,116.064
Medium,151.537
Medium,151.956
Medium,149.619
Medium,139.872
Medium,110.177
Medium,118.472
Medium,144.94
Medium,115.254
Medium,127.902
Medium,125.908
Medium,117.263
Medium,109.963
Medium,123.474
Medium,122.774
Medium,115.508
Medium,145.607
Medium,138.291
Medium,118.239
Medium,129.824
Medium,116.024
Medium,110.198
Medium,130.092
Medium,118.055
Medium,112.421
Medium,119.461
Medium,125.994
Medium,143.898
Medium,126.179
Medium,126.786
Medium,137.963
Medium,130.042
Medium,121.955
Medium,135.537
Medium,132.558
Medium,124.255
Medium,125.363
Medium,139.949
Medium,109.996
Medium,126.618
Medium,126.412
Medium,145.259
Medium,135.053
Medium,116.903
Medium,111.555
Medium,123.976
Medium,135.033
Medium,114.758
Medium,122.934
Medium,118.056
Medium,109.518
Medium,142.479
Medium,141.746
Medium,115.007
Medium,150.3
Medium,119.965
Medium,148.748
Medium,140.08
Medium,144.478
Medium,118.155
Medium,116.318
Medium,121.075
Medium,132.59
Medium,150.933
Medium,111.034
Medium,124.008
Medium,120.848
Medium,140.143
Medium,134.293
Medium,126.631
Medium,133.312
Medium,137.714
Medium,140.112
Medium,137.158
Medium,137.942
Medium,125.361
Medium,147.597
Medium,130.453
Medium,125.663
Medium,117.298
Medium,149.853
Medium,122.988
Medium,139.947
Medium,121.101
Medium,131.118
Medium,147.734
Medium,126.955
Medium,116.122
Medium,148.856
Medium,115.418
Medium,118.096
Medium,139.959
Medium,111.132
Medium,144.022
Medium,128.502
Medium,120.07
Medium,126.785
Medium,150.028
Medium,110.133
Medium,137.924
Medium,125.348
Medium,140.945
Medium,126.105
Medium,134.923
Medium,114.037
Medium,115.38
Medium,121.407
Medium,110.57
Medium,135.064
Medium,124.332
Medium,115.75
Medium,121.666
Medium,122.678
Medium,116.806
Medium,135.458
Medium,142.782
Medium,127.355
Medium,139.167
Medium,146.879
Medium,140.281
Medium,145.032
Medium,121.795
Medium,141.992
Medium,136.208
Medium,111.549
Medium,135.826
Medium,125.037
Medium,113.515
Medium,112.361
Medium,130.335
Medium,118.058
Medium,127.574
Medium,128.006
Medium,145.521
Medium,120.92
Medium,120.317
Medium,139.224
Medium,140.595
Medium,120.059
Medium,116.034
Medium,118.617
Medium,126.274
Medium,149.9
Medium,134.56
Medium,149.827
Medium,145.635
Medium,128.961
Medium,129.034
Medium,145.562
Medium,113.86
Medium,121.842
Medium,127.122
Medium,127.817
Medium,121.834
Medium,142.253
Medium,130.545
Medium,114.083
Medium,137.959
Medium,135.525
Medium,136.897
Medium,121.078
Medium,148.142
Medium,124.969
Medium,138.43
Medium,113.552
Medium,111.506
Medium,135.778
Medium,122.691
Medium,143.855
Medium,124.989
Medium,109.696
Medium,110.98
Medium,110.007
Medium,141.868
Medium,132.088
Medium,140.186
Medium,136.89
Medium,119.727
Medium,114.093
Medium,113.204
Medium,126.029
Medium,127.006
Medium,121.884
Medium,138.001
Medium,120.349
Medium,127.811
Medium,129.333
Medium,115.37
Medium,152.857
Medium,113.52
Medium,125.875
Medium,126.488
Medium,116.137
Medium,122.887
Medium,126.291
Medium,131.889
Medium,151.844
Medium,109.659
Medium,124.577
Medium,116.596
Medium,148.633
Medium,130.007
Medium,110.487
Medium,110.28
Medium,131.868
Medium,128.835
Medium,114.407
Medium,120.024
Medium,131.84
Medium,133.45
Medium,133.582
Medium,135.037
Medium,132.026
Medium,141.729
Medium,146.389
Fast,166.862
Fast,164.672
Fast,160.839
Fast,189.646
Fast,154.953
Fast,205.317
Fast,180.149
Fast,174.287
Fast,167.92
Fast,183.92
Fast,216.195
Fast,168.307
Fast,175.769
Fast,161.976
Fast,172.398
Fast,173.482
Fast,156.968
Fast,188.886
Fast,166.275
Fast,155.074
Fast,191.196
Fast,192.688
Fast,154.322
Fast,236.006
Fast,175.421
Fast,160.165
Fast,163.445
Fast,187.807
Fast,181.115
Fast,159.582
Fast,188.502
Fast,193.693
Fast,159.968
Fast,168.323
Fast,153.862
Fast,156.097
Fast,179.501
Fast,160.261
Fast,155.038
Fast,169.775
Fast,161.054
Fast,159.895
Fast,154.09
Fast,186.254
Fast,210.47
Fast,160.022
Fast,162.385
Fast,241.877
Fast,184.981
Fast,201.802
Fast,165.668
Fast,188.056
Fast,163.167
Fast,193.978
Fast,210.8
Fast,162.682
Fast,172.337
Fast,210.305
Fast,175.393
Fast,211.327
Fast,196.034
Fast,210.871
Fast,159.587
Fast,192.702
Fast,174.993
Fast,231.867
Fast,190.698
Fast,159.233
Fast,186.882
Fast,157.746
Fast,185.88
Fast,202.233
Fast,169.878
Fast,157.779
Fast,168.558
Fast,174.019
Fast,163.97
Fast,183.808
Fast,160.731
Fast,203.964
Fast,188.924
Fast,193.56
Fast,190.01
Fast,163.67
Fast,160.011
Fast,161.796
Fast,230.992
Fast,179.988
Fast,191.929
Fast,173.936
Fast,153.551
Fast,229.913
Fast,172.287
Fast,167.902
Fast,210.898
Fast,179.502
Fast,155.896
Fast,163.567
Fast,205.333
Fast,179.575
Fast,160.009
Fast,158.321
Fast,200.169
Fast,179.264
Fast,200.716
Fast,182.168
Fast,178.725
Fast,154.172
Fast,196.188
Fast,210.982
Fast,179.13
Fast,176.066
Fast,185.094
Fast,197.458
Fast,167.486
Fast,208.416
Fast,159.959
Fast,157.869
Fast,167.909
Fast,163.385
Fast,176.153
Fast,174.57
Fast,160.981
Fast,173.841
Fast,173.205
Fast,169.235
Fast,172.716
Fast,167.954
Fast,162.876
Fast,225.669
Fast,165.546
Fast,162.855
Fast,201.951
Fast,157.909
Fast,159.702
Fast,180.129
Fast,183.827
Fast,201.651
Fast,195.976
Fast,165.263
Fast,186.13
Fast,159.723
Fast,200.061
Fast,166.238
Fast,160.409
Fast,194.156
Fast,168.946
Fast,153.738
Fast,156.074
Fast,187.716
Fast,166.05
Fast,215.916
Fast,158.103
Fast,178.192
Fast,180.296
Fast,200.375
Fast,181.549
Fast,184.964
Fast,162.103
Fast,168.248
Fast,166.687
Fast,167.951
Fast,174.282
Fast,181.889
Fast,182.57
Fast,161.782
Fast,166.906
Fast,194.704
Fast,161.621
Fast,167.841
Fast,201.333
Fast,200.534
Fast,173.709
Fast,183.935
Fast,186.012
Fast,185.97
Fast,196.137
Fast,159.798
Fast,185.246
Fast,200.079
Fast,178.574
Fast,183.58
Fast,171.123
Fast,240.761
Fast,162.736
Fast,156.65
Fast,167.878
Fast,164.815
Fast,193.84
Fast,159.552
Fast,168.013
Fast,223.34
Fast,194.532
Fast,168.21
Fast,186.159
Fast,220.104
Fast,161.405
Fast,186.121
Fast,173.357
Fast,161.976
Fast,172.02
Fast,160.04
Fast,186.582
Fast,182.774
Fast,155.526
Fast,158.517
Fast,153.642
Fast,154.211
Fast,180.8
Fast,166.037
Fast,156.972
Fast,205.972
Fast,170.412
Fast,155.735
Fast,154.356
Fast,163.848
Fast,177.093
Fast,163.204
Fast,211.986
Fast,199.747
Fast,180.588
Fast,188.068
Fast,170.003
Fast,168.193
Fast,167.477
Fast,219.826
Fast,177.841
Fast,170.781
Fast,156.222
Fast,224.247
Fast,180.137
Fast,172.172
Fast,164.387
Fast,240.314
Fast,160.027
Fast,154.093
Fast,160.663
Fast,174.268
Fast,157.95
Fast,178.716
Fast,157.582
Fast,202.829
Fast,221.858
Fast,158.007
Fast,172.061
Fast,158.455
Fast,155.05
Fast,158.479
Fast,177.152
Fast,194.53
Fast,217.289
Fast,156.028
Fast,173.652
Fast,189.758
Fast,174.785
Fast,166.026
Fast,179.665
Fast,188.947
Fast,165.111
Fast,161.721
Fast,153.765
Fast,182.922
Fast,200.004
Fast,224.471
Fast,197.038
Fast,162.954
Fast,162.002
Fast,156.079
Fast,169.237
Fast,209.739
Fast,160.783
Fast,180.876
Fast,179.587
Fast,159.668
Fast,154.286
Fast,197.152
Fast,162.676
Fast,166.124
Fast,197.831
Fast,175.663
Fast,167.263
Fast,161.196
Fast,182.98
Fast,157.001
Fast,220.031
Fast,165.271
Fast,155.049
Fast,159.212
Fast,177.598
Fast,165.294
Fast,189.825
Fast,158.57
Fast,186.128
Fast,173.221
Fast,163.083
Fast,171.329
Fast,174.609
Fast,162.984
Fast,170.702
Fast,160.052
Fast,158.982
Fast,157.532
Fast,246.5
Fast,154.603
Fast,216.196
Fast,172.35
Fast,176.349
Fast,179.831
Fast,158.767
Fast,182.879
Fast,207.974
Fast,176.279
Fast,201.006
Fast,170.081
Fast,204.064
Fast,159.502
Fast,174.865
Fast,174.437
Fast,180.327
Fast,168.935
Fast,181.748
Fast,174.69
Fast,164.52
Fast,164.698
Fast,165.971
Fast,161.456
Fast,205.245
Fast,229.808
Fast,206.454
Fast,193.575
Fast,176.756
Fast,200.199
Fast,175.613
Fast,161.26
Fast,189.616
Fast,168.459
Fast,186.501
Fast,189.524
Fast,186.549
Fast,187.566
Fast,161.47
Fast,242.393
Fast,160.158
Fast,190.922
Fast,166.989
Fast,185.409
Fast,162.733
Fast,194.028
Fast,163.725
Fast,164.192
Fast,161.518
Fast,201.123
Fast,172.485
Fast,203.994
Fast,166.036
Fast,174.554
Fast,162.069
Fast,200.435
Fast,160.598
Fast,153.667
Fast,216.023
Fast,154.631
Fast,176.16
Fast,172.514
Fast,187.844
Fast,189.987
Fast,163.519
Fast,157.446
Fast,193.578
Fast,167.307
Fast,160.02
Fast,168.36
Fast,169.943
Fast,177.931
Fast,206.791
Fast,182.962
Fast,173.581
Fast,166.092
Fast,171.78
Fast,169.771
Fast,166.648
Fast,155.996
Fast,160.246
Fast,199.483
Fast,196.303
Fast,171.85
Fast,253.357
Fast,160.105
Fast,187.66
Fast,186.285
Fast,177.563
Fast,163.748
Fast,163.007
Fast,160.184
Fast,166.411
Fast,168.02
Fast,185.559
Fast,179.987
Fast,161.874
Fast,210.957
Fast,162.155
Fast,243.195
Fast,244.366
Fast,160.129
Fast,177.866
Fast,171.648
Fast,181.355
Fast,158.578
Fast,165.224
Fast,208.737
Fast,196.106
Fast,199.826
Fast,162.987
Fast,160.051
Fast,159.415
Fast,155.926
Fast,192.027
Fast,161.529
Fast,208.338
Fast,166.025
Fast,156.002
Fast,173.985
Fast,159.499
Fast,158.404
Fast,165.346
Fast,178.63
Fast,161.909
Fast,227.48
Fast,170.079
Fast,173.423
Fast,179.406
Fast,198.118
Fast,182.705
Fast,172.9
Fast,210.691
Fast,175.127
Fast,160.001
Fast,160.066
Fast,164.641
Fast,181.208
Fast,170.773
Fast,208.51
Fast,180.005
Fast,162.995
Fast,180.874
Fast,184.012
Fast,156.139
Fast,153.998
Fast,169.722
Fast,159.621
Fast,154.585
Fast,168.165
Fast,186.141
Fast,174.762
Fast,235.903
Fast,235.405
Fast,159.252
Fast,159.026
Fast,162.987
Fast,166.749
Fast,202.036
Fast,156.029
Fast,159.036
Fast,174.293
Fast,191.436
Fast,178.934
Fast,183.882
Fast,158.121
Fast,240.263
Fast,163.087
Fast,168.144
Fast,153.768
Fast,162.134
Fast,204.066
Fast,163.975
Fast,165.67
Fast,175.007
Fast,195.026
Fast,190.102
Fast,235.337
Fast,155.173
Fast,183.437
Fast,180.203
Fast,153.731
Fast,198.016
Fast,188.502
Fast,179.161
Fast,197.443
Fast,160.048
Fast,168.861
Fast,155.979
Fast,170.034
Fast,175.948
Fast,181.421
Fast,170.899
Fast,155.26
Fast,205.16
Fast,154.483
Fast,202.052
Fast,165.977
Fast,180.121
Fast,156.066
Fast,160.979
Fast,156.298
Fast,153.968
Fast,177.945
Fast,196.141
Fast,185.76
Fast,177.662
Fast,177.465
Fast,164.002
Fast,197.704
Fast,157.897
Fast,166.929
Fast,160.663
Fast,167.988
Fast,219.298
Fast,182.247
Fast,161.533
Fast,182.198
Fast,167.142
Fast,169.866
Fast,187.323
Fast,156.948
Fast,171.463
Fast,168.268
Fast,157.956
Fast,161.543
Fast,154.695
Fast,164.925
Fast,159.081
Fast,183.907
Fast,155.999
Fast,192.66
Fast,165.886
Fast,162.817
Fast,185.325
Fast,181.371
Fast,168.352
Fast,159.248
Fast,171.787
Fast,167.59
Fast,192.819
Fast,195.223
Fast,175.028
Fast,174.524
Fast,227.161
Fast,206.02
Fast,182.408
Fast,197.213
Fast,172.223
Fast,187.427
Fast,172.112
Fast,203.211
Fast,166.72
Fast,185.333
Fast,168.849
Fast,180.04
Fast,170.047
Fast,164.594
Fast,159.939
Fast,157.759
Fast,185.981
Fast,160.04
Fast,171.849
Fast,199.917
Fast,159.728
Fast,169.105
Fast,163.35
Fast,179.269
Fast,243.994
Fast,160.451
Fast,197.741
Fast,221.81
Fast,158.152
Fast,164.981
Fast,201.792
Fast,155.056
Fast,180.12
Fast,153.396
Fast,155.329
Fast,172.279
Fast,164.137
Fast,187.926
Fast,160.015
Fast,171.876
Fast,174.96
Fast,180.191
Fast,163.957
Fast,181.747
Fast,161.697
Fast,156.523
Fast,170.046
Fast,160.084
Fast,196.13
Fast,185.89
Fast,157.381
Fast,201.953
Fast,207.409
Fast,185.327
Fast,241.892
Fast,163.922
Fast,191.226
Fast,166.057
Fast,158.955
Fast,214.424
Fast,190.631
Fast,179.51
Fast,160.24
Fast,177.876
Fast,165.53
Fast,177.958
Fast,211.806
Fast,223.62
Fast,194.099
Fast,165.967
Fast,154.637
Fast,210.636
Fast,156.605
Fast,189.037
Fast,168.879
Fast,161.986
Fast,160.046
Fast,185.623
Fast,172.809
Fast,186.006
Fast,156.924
Fast,167.97
Fast,159.184
Fast,199.894
Fast,206.101
Fast,163.942
Fast,163.317
Fast,160.976
Fast,190.14
Fast,176.761
Fast,169.991
Fast,211.059
Fast,164.647
Fast,159.715
Fast,187.406
Fast,166.03
Fast,206.637
Fast,176.18
Fast,163.566
Fast,160.153
Fast,192.301
Fast,173.983
Fast,161.846
Fast,175.626
Fast,185.615
Fast,172.133
Fast,199.07
Fast,166.579
Fast,172.955
Fast,175.363
Fast,154.332
Fast,181.863
Fast,201.512
Fast,164.947
Fast,160.043
Fast,162.394
Fast,154.475
Fast,204.791
Fast,158.34
Fast,181.968
Fast,163.96
Fast,156.527
Fast,170.024
Fast,161.353
Fast,199.762
Fast,174.005
Fast,163.692
Fast,190.485
Fast,175.959
Fast,157.137
Fast,164.828
Fast,184.023
Fast,171.377
Fast,190.035
Fast,158.322
Fast,175.43
Fast,168.004
Fast,180.017
Fast,186.886
Fast,174.792
Fast,179.008
Fast,179.965
Fast,175.048
Fast,156.239
Fast,191.144
Fast,182.773
Fast,162.727
Fast,215.595
Fast,165.903
Fast,165.252
Fast,154.188
Fast,181.41
Fast,164.648
Fast,158.136
Fast,187.314
Fast,165.754
Fast,200.42
Fast,160.03
Fast,160.126
Fast,200.562
Fast,161.694
Fast,184.279
Fast,155.793
Fast,162.226
Fast,215.006
Fast,169.423
Fast,166.935
Fast,194.012
Fast,159.041
Fast,167.156
Fast,166.431
Fast,164.171
Fast,156.131
Fast,202.068
Fast,198.564
Fast,180.532
Fast,231.725
Fast,176.932
Fast,170.046
Fast,173.845
Fast,160.786
Fast,200.105
Fast,158.242
Fast,168.979
Fast,157.619
Fast,154.434
Fast,172.348
Fast,179.934
Fast,182.195
Fast,209.396
Fast,199.652
Fast,174.332
Fast,202.153
Fast,176.447
Fast,158.051
Fast,199.046
Fast,160.147
Fast,189.995
Fast,186.495
Fast,167.952
Fast,171.516
Fast,156.446
Fast,184.155
Fast,162.384
Fast,158.813
Fast,192.025
Fast,167.85
Fast,171.833
Fast,160.126
Fast,193.584
Fast,181.671
Fast,194.659
Fast,155.843
Fast,234.26
Fast,193.14
Fast,173.34
Fast,164.595
Fast,215.999
Fast,168.474
Fast,199.527
Fast,211.688
Fast,184.046
Fast,161.246
Fast,170.069
Fast,190.019
Fast,183.836
Fast,153.898
Fast,189.99
Fast,157.118
Fast,171.968
Fast,163.969
Fast,191.033
Fast,163.935
Fast,164.23
Fast,166.015
Fast,191.956
Fast,160.114
Fast,174.942
Fast,170.114
Fast,181.801
Fast,164.026
Fast,157.991
Fast,190.6
Fast,155.641
Fast,189.068
Fast,159.106
Fast,156.688
Fast,219.796
Fast,199.675
Fast,160.046
Fast,180.287
Fast,172.612
Fast,176.298
Fast,167.559
Fast,158.208
Fast,160.08
Fast,220.311
Fast,177.809
Fast,180.106
Fast,179.688
Fast,187.495
Fast,158.763
Fast,170.167
Fast,161.728
Fast,166.796
Fast,181.469
Fast,156.15
Fast,180.077
Fast,163.884
Fast,163.381
Fast,208.865
Fast,156.007
Fast,189.917
Fast,189.134
Fast,170.916
Fast,181.368
Fast,197.992
Fast,161.994
Fast,176.113
Fast,155.036
Fast,191.61
Fast,201.933
Fast,166.081
Fast,185.092
Fast,192.89
Fast,162.907
Fast,167.947
Fast,164.637
Fast,157.972
Fast,159.659
Fast,154.045
Fast,195.44
Fast,153.656
Fast,153.968
Fast,164.35
Fast,174.037
Fast,178.929
Fast,153.922
Fast,179.49
Fast,163.081
Fast,159.869
Fast,180.025
Fast,190.042
Fast,175.708
Fast,153.447
Fast,162.441
Fast,200.199
Fast,187.232
Fast,157.739
Fast,158.057
Fast,223.387
Fast,168.901
Fast,193.626
Fast,167.489
Fast,160.026
Fast,189.817
Fast,161.988
Fast,180.068
Fast,205.885
Fast,175.01
Fast,214.941
Fast,183.573
Fast,164.942
Fast,173.468
Fast,210.032
Fast,155.041
Fast,168.203
Fast,182.085
Fast,164.769
Fast,157.665
Fast,153.978
Fast,211.987
Fast,168.099
Fast,240.983
Fast,182.518
Fast,198.736
Fast,154.028
Fast,163.604
Fast,189.824
Fast,165.038
Fast,166.809
Fast,176.536
Fast,153.977
Fast,218.587
Fast,160.071
Fast,170.095
Fast,172.502
Fast,158.304
Fast,156.261
Fast,162.771
Fast,196.013
Fast,215.461
Fast,179.912
Fast,163.664
Fast,158.12
Fast,164.886
Fast,198.138
Fast,162.139
Fast,160.028
Fast,169.875
Fast,153.978
Fast,170.995
Fast,165.979
Fast,170.217
Fast,180.974
Fast,168.34
Fast,183.486
Fast,176.02
Fast,166.891
Fast,227.25
Fast,163.006
Fast,214.324
Fast,161.772
Fast,191.863
Fast,172.076
Fast,178.719
Fast,195.633
Fast,222.02
Fast,155.411
Fast,186.075
Fast,176.138
Fast,154.873
Fast,180.823
Fast,164.93
Fast,178.021
Fast,158.84
Fast,165.023
Fast,182.949
Fast,167.772
Fast,178.936
Fast,156.005
Fast,167.504
Fast,173.661
Fast,213.995
Fast,160.313
Fast,159.991
Fast,157.103
Fast,168.242
Fast,177.281
Fast,173.776
Fast,193.637
Fast,163.92
Fast,188.626
Fast,176.122
Fast,185.453
Fast,209.141
Fast,196.52
Fast,158.795
Fast,162.993
Fast,187.128
Fast,159.784
Fast,180.415
Fast,169.994
Fast,180.073
Fast,174.424
Fast,174.731
Fast,243.981
Fast,159.943
Fast,212.293
Fast,183.636
Fast,188.979
Fast,183.801
Fast,196.45
Fast,195.109
Fast,235.318
Fast,203.29
Fast,179.998
Fast,175.202
Fast,159.849
Fast,190.038
Fast,169.038
Fast,156.408
Fast,199.379
Fast,174.014
Fast,157.715
Fast,175.673
Fast,163.086
Fast,156.285
Fast,188.91
Fast,195.755
Fast,154.731
Fast,163.024
Fast,173.649
Fast,177.942
Fast,196.482
Fast,161.7
Fast,163.773
Fast,183.881
Fast,162.389
Fast,177.886
Fast,181.187
Fast,155.023
Fast,156.084
Fast,230.187
Fast,163.987
Fast,156.32
Fast,199.955
Fast,160.059
Fast,158.029
Fast,170.064
Fast,167.971
Fast,189.263
Fast,191.964
Fast,157.204
Fast,166.281
Fast,165.152
Fast,155.577
Fast,159.989
Fast,163.085
Fast,221.658
Fast,168.231
Fast,162.683
Fast,179.978
Fast,231.851
Fast,160.159
Fast,161.739
Fast,182.376
Fast,165.183
Fast,159.973
Fast,171.527
Fast,170.739
Fast,197.352
Fast,184.154
Fast,192.013
Fast,175.911
Fast,167.915
Fast,180.132
Fast,183.897
Fast,176.022
Fast,177.752
Fast,183.205
Fast,205.559
Fast,196.327
Fast,209.752
Fast,168.106
Fast,168.049
Fast,162.384
Fast,175.154
Fast,180.825
Fast,160.011
Fast,183.662
Fast,168.039
Fast,155.958
Fast,195.985
Fast,187.893
Fast,166.064
Fast,174.651
Fast,168.303
Fast,164.618
Fast,167.111
Fast,170.897
Fast,180.126
Fast,159.941
Fast,157.201